effect,group,term,estimate,std.error,statistic,df,p.value
fixed,NA,(Intercept),805.7907301612503,14.485122574600407,55.62885132737506,123.77220717060898,1.9666992108963463e-89
fixed,NA,cat,73.40647549011324,20.8206596985845,3.5256556013498366,50.314286019997716,9.107743103164395e-4
ran_pars,subj_id,sd__(Intercept),101.10577034807261,NA,NA,NA,NA
ran_pars,subj_id,sd__cat,17.663063682702795,NA,NA,NA,NA
ran_pars,subj_id,cor__(Intercept).cat,0.7693262797830319,NA,NA,NA,NA
ran_pars,item_id,sd__(Intercept),70.56761784926809,NA,NA,NA,NA
ran_pars,Residual,sd__Observation,199.99042784607082,NA,NA,NA,NA
fixed,NA,(Intercept),814.9572491235068,14.647495017860669,55.637994628417694,121.51252859427461,2.6321545038387914e-88
fixed,NA,cat,61.710947920513306,21.62336447417163,2.8539012971004083,52.768104577892935,0.00615748926750257
ran_pars,subj_id,sd__(Intercept),100.66767513819927,NA,NA,NA,NA
ran_pars,subj_id,sd__cat,38.38317691270201,NA,NA,NA,NA
ran_pars,subj_id,cor__(Intercept).cat,0.13501499752504428,NA,NA,NA,NA
ran_pars,item_id,sd__(Intercept),72.50599352404151,NA,NA,NA,NA
ran_pars,Residual,sd__Observation,200.83476022313323,NA,NA,NA,NA
fixed,NA,(Intercept),793.3684863952059,15.605473533038102,50.839116462283435,100.29847066840924,2.0580408009630416e-73
fixed,NA,cat,-39.26760736181487,25.45043143417659,-1.5429053713047718,52.01201132202689,0.12891666544870883
ran_pars,subj_id,sd__(Intercept),92.29613140404004,NA,NA,NA,NA
ran_pars,subj_id,sd__cat,37.873840986052286,NA,NA,NA,NA
ran_pars,subj_id,cor__(Intercept).cat,0.37616160657636677,NA,NA,NA,NA
ran_pars,item_id,sd__(Intercept),86.71564038700359,NA,NA,NA,NA
ran_pars,Residual,sd__Observation,199.41163098295627,NA,NA,NA,NA
fixed,NA,(Intercept),827.5005552648415,15.000147285161825,55.16616200718287,114.49971102169805,2.5492879437964795e-84
fixed,NA,cat,58.880457936526625,22.785382751468532,2.5841329320101827,50.93969180326121,0.012672680396978714
ran_pars,subj_id,sd__(Intercept),98.42167681865057,NA,NA,NA,NA
ran_pars,subj_id,sd__cat,25.746944549489076,NA,NA,NA,NA
ran_pars,subj_id,cor__(Intercept).cat,0.24720417595296315,NA,NA,NA,NA
ran_pars,item_id,sd__(Intercept),77.38578876214606,NA,NA,NA,NA
ran_pars,Residual,sd__Observation,204.51097588922795,NA,NA,NA,NA
fixed,NA,(Intercept),782.8207548531061,15.841312794985846,49.416406644081135,100.44213662503381,2.701785881308289e-72
fixed,NA,cat,96.68805604940744,25.874689246153597,3.736781343713359,52.42291192218606,4.6167107624142553e-4
ran_pars,subj_id,sd__(Intercept),93.77576989282983,NA,NA,NA,NA
ran_pars,subj_id,sd__cat,41.793037782033146,NA,NA,NA,NA
ran_pars,subj_id,cor__(Intercept).cat,0.20688018642514894,NA,NA,NA,NA
ran_pars,item_id,sd__(Intercept),87.99923265215328,NA,NA,NA,NA
ran_pars,Residual,sd__Observation,201.63013082525384,NA,NA,NA,NA
fixed,NA,(Intercept),813.5490202944103,15.370933858848971,52.927754927918976,95.4707104704654,1.4851143015052264e-72
fixed,NA,cat,49.22822257715376,25.795821209580076,1.9083797401600588,53.851483233073516,0.06167867979442046
ran_pars,subj_id,sd__(Intercept),87.45885890085577,NA,NA,NA,NA
ran_pars,subj_id,sd__cat,51.30695967779438,NA,NA,NA,NA
ran_pars,subj_id,cor__(Intercept).cat,0.18208347766822114,NA,NA,NA,NA
ran_pars,item_id,sd__(Intercept),87.10788320539116,NA,NA,NA,NA
ran_pars,Residual,sd__Observation,200.24261984174854,NA,NA,NA,NA
fixed,NA,(Intercept),795.7764126590428,16.141598644430257,49.29972738069718,106.60625558915524,3.324869562129487e-75
fixed,NA,cat,34.7520833440068,25.506549199096796,1.3624768710475894,50.91434134135352,0.17904426159926323
ran_pars,subj_id,sd__(Intercept),99.89067482649361,NA,NA,NA,NA
ran_pars,subj_id,sd__cat,27.39544039798206,NA,NA,NA,NA
ran_pars,subj_id,cor__(Intercept).cat,0.3804167931517368,NA,NA,NA,NA
ran_pars,item_id,sd__(Intercept),87.40334124961193,NA,NA,NA,NA
ran_pars,Residual,sd__Observation,199.78558998405188,NA,NA,NA,NA
fixed,NA,(Intercept),807.3208688890879,16.722109138432025,48.27865086908455,121.6720275216993,3.263691127879825e-81
fixed,NA,cat,45.70730628945505,24.713187986834345,1.8495107273818767,51.77734729178719,0.07009574173040158
ran_pars,subj_id,sd__(Intercept),114.07441737951201,NA,NA,NA,NA
ran_pars,subj_id,sd__cat,35.69990523964958,NA,NA,NA,NA
ran_pars,subj_id,cor__(Intercept).cat,-0.10361738205495238,NA,NA,NA,NA
ran_pars,item_id,sd__(Intercept),84.09014236498652,NA,NA,NA,NA
ran_pars,Residual,sd__Observation,200.94982176660753,NA,NA,NA,NA
fixed,NA,(Intercept),806.3677580739584,16.74862084620118,48.14532285844024,123.28034829817055,8.643811657101784e-82
fixed,NA,cat,27.46440456286151,24.65348976366001,1.1140169130678155,52.78523082479985,0.2703189023506486
ran_pars,subj_id,sd__(Intercept),115.43518721940627,NA,NA,NA,NA
ran_pars,subj_id,sd__cat,43.290477547282656,NA,NA,NA,NA
ran_pars,subj_id,cor__(Intercept).cat,0.4561005137943859,NA,NA,NA,NA
ran_pars,item_id,sd__(Intercept),83.40364471356519,NA,NA,NA,NA
ran_pars,Residual,sd__Observation,201.7438566090745,NA,NA,NA,NA
fixed,NA,(Intercept),780.6275832309838,15.676192532542148,49.79701426928012,101.81487015120571,2.6785615858113577e-73
fixed,NA,cat,64.36424164738477,25.43421133506311,2.5306167665066726,52.20154624622439,0.014439372794442802
ran_pars,subj_id,sd__(Intercept),93.75262162367608,NA,NA,NA,NA
ran_pars,subj_id,sd__cat,39.381746304606196,NA,NA,NA,NA
ran_pars,subj_id,cor__(Intercept).cat,0.3767291703710179,NA,NA,NA,NA
ran_pars,item_id,sd__(Intercept),86.60223569694463,NA,NA,NA,NA
ran_pars,Residual,sd__Observation,198.097540999144,NA,NA,NA,NA
fixed,NA,(Intercept),794.4562133182689,15.93421429971905,49.85851190242098,120.73700923934189,2.110837544473344e-82
fixed,NA,cat,75.11867505110514,23.61321570261495,3.181213266212887,51.677606071650104,0.002481107055198849
ran_pars,subj_id,sd__(Intercept),108.30639958618987,NA,NA,NA,NA
ran_pars,subj_id,sd__cat,33.46380443635244,NA,NA,NA,NA
ran_pars,subj_id,cor__(Intercept).cat,0.3053012583937429,NA,NA,NA,NA
ran_pars,item_id,sd__(Intercept),80.19940865934214,NA,NA,NA,NA
ran_pars,Residual,sd__Observation,199.46829885945033,NA,NA,NA,NA
fixed,NA,(Intercept),808.351179522774,14.988221397924432,53.93242854250301,118.94514893958421,1.852636590286215e-85
fixed,NA,cat,88.63531356577295,22.33159150613496,3.9690549391172123,51.25061784813927,2.2545443799921411e-4
ran_pars,subj_id,sd__(Intercept),100.97551523782393,NA,NA,NA,NA
ran_pars,subj_id,sd__cat,28.204686854582288,NA,NA,NA,NA
ran_pars,subj_id,cor__(Intercept).cat,-0.020720292423939368,NA,NA,NA,NA
ran_pars,item_id,sd__(Intercept),75.8308872060976,NA,NA,NA,NA
ran_pars,Residual,sd__Observation,195.95617888324009,NA,NA,NA,NA
fixed,NA,(Intercept),816.0198095230312,15.788399198227854,51.68477179210316,110.61126363036982,2.689107725529438e-79
fixed,NA,cat,22.404882102796773,24.804607287238476,0.9032548608146552,53.436342645270884,0.37044457532764763
ran_pars,subj_id,sd__(Intercept),100.52856724617773,NA,NA,NA,NA
ran_pars,subj_id,sd__cat,47.343488471510355,NA,NA,NA,NA
ran_pars,subj_id,cor__(Intercept).cat,0.33697834756088585,NA,NA,NA,NA
ran_pars,item_id,sd__(Intercept),83.74172247453964,NA,NA,NA,NA
ran_pars,Residual,sd__Observation,199.50061725288555,NA,NA,NA,NA
fixed,NA,(Intercept),790.7090591726011,15.818588008618518,49.98607073790627,126.8970631266004,2.3813931506714943e-85
fixed,NA,cat,47.98405513767389,22.72763584233759,2.1112646942489297,52.85936444191744,0.039495541175903974
ran_pars,subj_id,sd__(Intercept),111.9178332482574,NA,NA,NA,NA
ran_pars,subj_id,sd__cat,40.81492447094584,NA,NA,NA,NA
ran_pars,subj_id,cor__(Intercept).cat,0.022979631658496754,NA,NA,NA,NA
ran_pars,item_id,sd__(Intercept),76.50935104471608,NA,NA,NA,NA
ran_pars,Residual,sd__Observation,198.72212572935607,NA,NA,NA,NA
fixed,NA,(Intercept),830.5196674051559,15.795909505037185,52.578147978140166,109.07629272013523,2.5628114244809828e-79
fixed,NA,cat,66.00235907751248,24.96679086425991,2.643606037970831,53.36628345724049,0.010746053267189436
ran_pars,subj_id,sd__(Intercept),99.62913992559943,NA,NA,NA,NA
ran_pars,subj_id,sd__cat,47.26122997440423,NA,NA,NA,NA
ran_pars,subj_id,cor__(Intercept).cat,0.2344059625735022,NA,NA,NA,NA
ran_pars,item_id,sd__(Intercept),84.26507650346285,NA,NA,NA,NA
ran_pars,Residual,sd__Observation,202.9660009152052,NA,NA,NA,NA
fixed,NA,(Intercept),792.8999168339828,14.722109692124583,53.85776450627421,118.92942992992664,2.209786547853778e-85
fixed,NA,cat,64.44804879277115,21.90746892336513,2.9418299767178904,51.281704401603314,0.004887723523392147
ran_pars,subj_id,sd__(Intercept),99.36764296454282,NA,NA,NA,NA
ran_pars,subj_id,sd__cat,28.164300477017008,NA,NA,NA,NA
ran_pars,subj_id,cor__(Intercept).cat,0.7065156114600409,NA,NA,NA,NA
ran_pars,item_id,sd__(Intercept),74.21145048906219,NA,NA,NA,NA
ran_pars,Residual,sd__Observation,198.1721654249824,NA,NA,NA,NA
fixed,NA,(Intercept),830.9290615042922,17.06334145008082,48.69673761936919,122.79482905904986,3.758878949529392e-82
fixed,NA,cat,38.56655437451071,25.0003964273137,1.5426377132314417,51.12192323879205,0.129086764355417
ran_pars,subj_id,sd__(Intercept),117.11584535805241,NA,NA,NA,NA
ran_pars,subj_id,sd__cat,30.056921185809994,NA,NA,NA,NA
ran_pars,subj_id,cor__(Intercept).cat,0.46360246294286606,NA,NA,NA,NA
ran_pars,item_id,sd__(Intercept),85.41544053533141,NA,NA,NA,NA
ran_pars,Residual,sd__Observation,201.00322716113183,NA,NA,NA,NA
fixed,NA,(Intercept),805.9224569441939,17.114879462456475,47.088994036568046,107.50921818017207,1.3655103774440774e-73
fixed,NA,cat,18.012925798873106,27.182696239560574,0.662661482883285,52.488111530458525,0.5104469165677947
ran_pars,subj_id,sd__(Intercept),106.37994184126418,NA,NA,NA,NA
ran_pars,subj_id,sd__cat,44.598497553521184,NA,NA,NA,NA
ran_pars,subj_id,cor__(Intercept).cat,0.10248492113315935,NA,NA,NA,NA
ran_pars,item_id,sd__(Intercept),92.64503172341198,NA,NA,NA,NA
ran_pars,Residual,sd__Observation,201.1236024481121,NA,NA,NA,NA
fixed,NA,(Intercept),802.2152369147977,15.506058704664737,51.735599109621894,126.01616747232474,9.5592522458013e-87
fixed,NA,cat,20.301691860593234,22.312920530375123,0.9098625988003697,52.5474522957769,0.36704965874285267
ran_pars,subj_id,sd__(Intercept),109.3798426301716,NA,NA,NA,NA
ran_pars,subj_id,sd__cat,38.305346019709,NA,NA,NA,NA
ran_pars,subj_id,cor__(Intercept).cat,-0.017128287338519177,NA,NA,NA,NA
ran_pars,item_id,sd__(Intercept),75.03248589016911,NA,NA,NA,NA
ran_pars,Residual,sd__Observation,202.49540781624827,NA,NA,NA,NA
fixed,NA,(Intercept),776.8132278368208,14.742153284781912,52.69333541923707,110.38759698023442,4.460077625511171e-80
fixed,NA,cat,26.800677460985057,23.06805345779156,1.1618092315428006,52.807254404273166,0.25053730533452806
ran_pars,subj_id,sd__(Intercept),94.0132696058499,NA,NA,NA,NA
ran_pars,subj_id,sd__cat,40.435814475375146,NA,NA,NA,NA
ran_pars,subj_id,cor__(Intercept).cat,0.20120818317068911,NA,NA,NA,NA
ran_pars,item_id,sd__(Intercept),77.80936859967747,NA,NA,NA,NA
ran_pars,Residual,sd__Observation,198.24452091493094,NA,NA,NA,NA
fixed,NA,(Intercept),816.6569126602329,15.220414011383198,53.655367853296454,117.64503556148851,1.4691137848889433e-84
fixed,NA,cat,48.927761343291245,22.908949093562494,2.1357488352462286,52.0469876677859,0.03742438836468659
ran_pars,subj_id,sd__(Intercept),101.7750339305825,NA,NA,NA,NA
ran_pars,subj_id,sd__cat,35.35850551494976,NA,NA,NA,NA
ran_pars,subj_id,cor__(Intercept).cat,-0.03921310696903695,NA,NA,NA,NA
ran_pars,item_id,sd__(Intercept),77.430611876105,NA,NA,NA,NA
ran_pars,Residual,sd__Observation,202.10683130542216,NA,NA,NA,NA
fixed,NA,(Intercept),794.8613668276917,13.057447899044416,60.874174875004634,121.92915523308699,4.092727085440506e-93
fixed,NA,cat,56.70129256830986,19.212757572556203,2.951231355216955,54.23151991719072,0.0046672967742492745
ran_pars,subj_id,sd__(Intercept),90.84810623825086,NA,NA,NA,NA
ran_pars,subj_id,sd__cat,41.56610070692326,NA,NA,NA,NA
ran_pars,subj_id,cor__(Intercept).cat,0.41486917643559673,NA,NA,NA,NA
ran_pars,item_id,sd__(Intercept),63.23183617095724,NA,NA,NA,NA
ran_pars,Residual,sd__Observation,199.9732413907636,NA,NA,NA,NA
fixed,NA,(Intercept),788.271690299095,14.877905720637008,52.98270503258335,128.3185750520617,4.354933708644641e-89
fixed,NA,cat,65.96029718294074,20.997107740206413,3.141399186928795,52.53814328010485,0.002761061095269885
ran_pars,subj_id,sd__(Intercept),106.97704170522525,NA,NA,NA,NA
ran_pars,subj_id,sd__cat,36.37817615711011,NA,NA,NA,NA
ran_pars,subj_id,cor__(Intercept).cat,0.25702404558538383,NA,NA,NA,NA
ran_pars,item_id,sd__(Intercept),70.27396760113903,NA,NA,NA,NA
ran_pars,Residual,sd__Observation,201.77454824675863,NA,NA,NA,NA
fixed,NA,(Intercept),811.202050438558,15.171777976842051,53.467830314730634,109.31799252676079,3.311570379030304e-80
fixed,NA,cat,40.22434577051367,23.96861092702547,1.6782093001960026,53.522793179917734,0.09913670335653221
ran_pars,subj_id,sd__(Intercept),95.86681571976045,NA,NA,NA,NA
ran_pars,subj_id,sd__cat,46.23935132170448,NA,NA,NA,NA
ran_pars,subj_id,cor__(Intercept).cat,0.07711067965101454,NA,NA,NA,NA
ran_pars,item_id,sd__(Intercept),80.78606913351237,NA,NA,NA,NA
ran_pars,Residual,sd__Observation,196.8578687183052,NA,NA,NA,NA
fixed,NA,(Intercept),823.5617084929653,15.669411135586845,52.558561477946796,88.91106784111193,9.527296954704707e-69
fixed,NA,cat,64.31287730000314,26.664971046712036,2.4118862603427926,51.26940585187724,0.019487855339567046
ran_pars,subj_id,sd__(Intercept),83.84654875293951,NA,NA,NA,NA
ran_pars,subj_id,sd__cat,31.79410179416592,NA,NA,NA,NA
ran_pars,subj_id,cor__(Intercept).cat,-0.27481178451871763,NA,NA,NA,NA
ran_pars,item_id,sd__(Intercept),91.42979511369087,NA,NA,NA,NA
ran_pars,Residual,sd__Observation,200.49762177641577,NA,NA,NA,NA
fixed,NA,(Intercept),827.2126289903157,16.47736111523931,50.20297990709549,112.03489664644678,1.218899030705423e-78
fixed,NA,cat,48.36606997082286,25.588257290125828,1.8901666269193993,52.17190079455634,0.064296532314920607
ran_pars,subj_id,sd__(Intercept),105.72024525061657,NA,NA,NA,NA
ran_pars,subj_id,sd__cat,39.76934006466028,NA,NA,NA,NA
ran_pars,subj_id,cor__(Intercept).cat,0.2581269306157748,NA,NA,NA,NA
ran_pars,item_id,sd__(Intercept),87.10452711920067,NA,NA,NA,NA
ran_pars,Residual,sd__Observation,199.89689680304258,NA,NA,NA,NA
fixed,NA,(Intercept),814.9311084841963,14.561847144838117,55.96344339962894,112.3000402836687,7.30052172323146e-84
fixed,NA,cat,49.81177669403225,22.912169040952563,2.174031476679492,55.92047571360741,0.03395142096682307
ran_pars,subj_id,sd__(Intercept),94.18314115066016,NA,NA,NA,NA
ran_pars,subj_id,sd__cat,56.21075000654499,NA,NA,NA,NA
ran_pars,subj_id,cor__(Intercept).cat,0.2531150093003104,NA,NA,NA,NA
ran_pars,item_id,sd__(Intercept),75.9544792386332,NA,NA,NA,NA
ran_pars,Residual,sd__Observation,199.51307189435937,NA,NA,NA,NA
fixed,NA,(Intercept),819.9829523102446,17.419758288665168,47.07200517493965,99.01286824326337,1.4026061093300757e-69
fixed,NA,cat,59.54660541533451,28.45384027821874,2.0927440666389456,50.90346376121634,0.041375974716023174
ran_pars,subj_id,sd__(Intercept),101.59603068601147,NA,NA,NA,NA
ran_pars,subj_id,sd__cat,29.494489794507743,NA,NA,NA,NA
ran_pars,subj_id,cor__(Intercept).cat,0.39531954039522493,NA,NA,NA,NA
ran_pars,item_id,sd__(Intercept),98.05101262380167,NA,NA,NA,NA
ran_pars,Residual,sd__Observation,199.37932180801903,NA,NA,NA,NA
fixed,NA,(Intercept),823.8184331650227,15.088568913924705,54.59884485166449,106.73300550276099,8.078982364253588e-80
fixed,NA,cat,30.104669549837794,23.798603648090896,1.2649762983994552,51.051357278431695,0.21162370706046052
ran_pars,subj_id,sd__(Intercept),93.78491709166043,NA,NA,NA,NA
ran_pars,subj_id,sd__cat,27.455992193761485,NA,NA,NA,NA
ran_pars,subj_id,cor__(Intercept).cat,0.11835788127178104,NA,NA,NA,NA
ran_pars,item_id,sd__(Intercept),81.13015344594554,NA,NA,NA,NA
ran_pars,Residual,sd__Observation,200.8328803772452,NA,NA,NA,NA
fixed,NA,(Intercept),792.6234391219526,16.585732669105525,47.78947393734275,103.34292549241914,2.778232645836104e-72
fixed,NA,cat,64.42644767369003,26.639172445460797,2.4184853266591633,51.28297502172386,0.01917334161348826
ran_pars,subj_id,sd__(Intercept),100.16391976068645,NA,NA,NA,NA
ran_pars,subj_id,sd__cat,32.57580201300428,NA,NA,NA,NA
ran_pars,subj_id,cor__(Intercept).cat,0.23478208915596763,NA,NA,NA,NA
ran_pars,item_id,sd__(Intercept),91.31083874729187,NA,NA,NA,NA
ran_pars,Residual,sd__Observation,200.06292132798328,NA,NA,NA,NA
fixed,NA,(Intercept),785.2694339401147,14.61842682005619,53.71777986826467,125.35961090797662,2.1313110899285533e-88
fixed,NA,cat,64.89340396130287,20.836246632086727,3.114447870921744,50.781903870550714,0.003027180081749531
ran_pars,subj_id,sd__(Intercept),103.20633815460168,NA,NA,NA,NA
ran_pars,subj_id,sd__cat,23.275507193540594,NA,NA,NA,NA
ran_pars,subj_id,cor__(Intercept).cat,0.3636709544353744,NA,NA,NA,NA
ran_pars,item_id,sd__(Intercept),70.33916760701392,NA,NA,NA,NA
ran_pars,Residual,sd__Observation,202.86633958784407,NA,NA,NA,NA
fixed,NA,(Intercept),809.5197231431792,17.264375037997436,46.889604828526636,105.91330240561528,1.152857596429142e-72
fixed,NA,cat,34.02113297171458,27.52849840668539,1.235851388227279,51.88389935971327,0.22208006758237916
ran_pars,subj_id,sd__(Intercept),106.09132428489914,NA,NA,NA,NA
ran_pars,subj_id,sd__cat,39.74720903095737,NA,NA,NA,NA
ran_pars,subj_id,cor__(Intercept).cat,0.18900543208684947,NA,NA,NA,NA
ran_pars,item_id,sd__(Intercept),94.16320680482083,NA,NA,NA,NA
ran_pars,Residual,sd__Observation,202.12328233111663,NA,NA,NA,NA
fixed,NA,(Intercept),753.0343364966756,14.122230679556026,53.322619746383396,126.06822191082688,2.363452364322002e-88
fixed,NA,cat,-12.491750697922756,20.43203716645149,-0.6113805782633199,54.84605931019758,0.5434735443367982
ran_pars,subj_id,sd__(Intercept),100.25201918863449,NA,NA,NA,NA
ran_pars,subj_id,sd__cat,46.62321241699399,NA,NA,NA,NA
ran_pars,subj_id,cor__(Intercept).cat,0.2556478321520094,NA,NA,NA,NA
ran_pars,item_id,sd__(Intercept),67.49665397864169,NA,NA,NA,NA
ran_pars,Residual,sd__Observation,197.6962301912491,NA,NA,NA,NA
fixed,NA,(Intercept),794.0673567693561,15.61758707980238,50.8444327995003,114.01286033881898,3.460456379308857e-80
fixed,NA,cat,20.803067036893687,23.989866515467185,0.8671605998091383,52.135356374161596,0.3898277689074674
ran_pars,subj_id,sd__(Intercept),101.75533210156357,NA,NA,NA,NA
ran_pars,subj_id,sd__cat,37.474651556866,NA,NA,NA,NA
ran_pars,subj_id,cor__(Intercept).cat,0.3626282200687278,NA,NA,NA,NA
ran_pars,item_id,sd__(Intercept),81.4063781039987,NA,NA,NA,NA
ran_pars,Residual,sd__Observation,197.83303773662297,NA,NA,NA,NA
fixed,NA,(Intercept),793.6749479805615,14.708747959141984,53.95938187160693,128.31282032017435,4.647413284487213e-90
fixed,NA,cat,30.656811027871395,20.874931265096233,1.4685945854648574,54.00642155403731,0.14774365962886368
ran_pars,subj_id,sd__(Intercept),105.942569775556,NA,NA,NA,NA
ran_pars,subj_id,sd__cat,43.96227114944105,NA,NA,NA,NA
ran_pars,subj_id,cor__(Intercept).cat,-0.09014889176045741,NA,NA,NA,NA
ran_pars,item_id,sd__(Intercept),69.23558962241506,NA,NA,NA,NA
ran_pars,Residual,sd__Observation,202.94886316285746,NA,NA,NA,NA
fixed,NA,(Intercept),819.904854765222,15.971586516257455,51.33521669438675,103.07386435484383,3.134123854413251e-75
fixed,NA,cat,14.928883774590389,25.780160970269826,0.5790841954713418,52.227082725740985,0.5650217395793962
ran_pars,subj_id,sd__(Intercept),96.42286146802711,NA,NA,NA,NA
ran_pars,subj_id,sd__cat,40.180996522202314,NA,NA,NA,NA
ran_pars,subj_id,cor__(Intercept).cat,0.24049213403512368,NA,NA,NA,NA
ran_pars,item_id,sd__(Intercept),87.74587367343322,NA,NA,NA,NA
ran_pars,Residual,sd__Observation,201.6324226800271,NA,NA,NA,NA
fixed,NA,(Intercept),781.055658596583,17.145714611577073,45.55398688773236,113.28595381362854,1.108095024963744e-74
fixed,NA,cat,32.17905550505002,26.39936262929806,1.2189330461083803,51.41684077211554,0.22843251133870612
ran_pars,subj_id,sd__(Intercept),110.74569900336918,NA,NA,NA,NA
ran_pars,subj_id,sd__cat,34.071429345503724,NA,NA,NA,NA
ran_pars,subj_id,cor__(Intercept).cat,0.5094927549319257,NA,NA,NA,NA
ran_pars,item_id,sd__(Intercept),90.34949526008893,NA,NA,NA,NA
ran_pars,Residual,sd__Observation,200.85822349555235,NA,NA,NA,NA
fixed,NA,(Intercept),779.2550223192528,15.451867031396178,50.43112400177326,106.0996600994323,5.79660243711644e-76
fixed,NA,cat,35.22572490219174,24.42790205970499,1.44202825179565,50.859258826567,0.15542436400907972
ran_pars,subj_id,sd__(Intercept),95.51981611744957,NA,NA,NA,NA
ran_pars,subj_id,sd__cat,25.77407778991899,NA,NA,NA,NA
ran_pars,subj_id,cor__(Intercept).cat,-0.039428523153155835,NA,NA,NA,NA
ran_pars,item_id,sd__(Intercept),83.4661387432358,NA,NA,NA,NA
ran_pars,Residual,sd__Observation,202.33531217688613,NA,NA,NA,NA
fixed,NA,(Intercept),812.9956143973282,14.882509519739607,54.62758907152057,104.71439684074228,8.787364986200529e-79
fixed,NA,cat,72.8238438855039,23.8580148849609,3.052384879322421,52.58403825638285,0.0035559206888758094
ran_pars,subj_id,sd__(Intercept),91.21556671283722,NA,NA,NA,NA
ran_pars,subj_id,sd__cat,40.0745558432622,NA,NA,NA,NA
ran_pars,subj_id,cor__(Intercept).cat,0.023826703000152705,NA,NA,NA,NA
ran_pars,item_id,sd__(Intercept),80.68562965430367,NA,NA,NA,NA
ran_pars,Residual,sd__Observation,201.03329131602538,NA,NA,NA,NA
fixed,NA,(Intercept),801.1088504965043,15.233626258491352,52.58819120955914,117.87464699055674,1.098310682323791e-83
fixed,NA,cat,19.921864168420672,23.112809396215983,0.8619403996678253,53.6708853549928,0.3925551925428564
ran_pars,subj_id,sd__(Intercept),101.87481037738698,NA,NA,NA,NA
ran_pars,subj_id,sd__cat,45.92119535613311,NA,NA,NA,NA
ran_pars,subj_id,cor__(Intercept).cat,0.4420883963256775,NA,NA,NA,NA
ran_pars,item_id,sd__(Intercept),77.61807972956773,NA,NA,NA,NA
ran_pars,Residual,sd__Observation,197.32299753231638,NA,NA,NA,NA
fixed,NA,(Intercept),793.2791192489516,14.944881017635732,53.0803235109628,100.1432553618137,3.82302368775931e-75
fixed,NA,cat,67.20762137401123,24.497248813350307,2.743476293443408,53.12102262858594,0.008271215058485114
ran_pars,subj_id,sd__(Intercept),88.48198616216371,NA,NA,NA,NA
ran_pars,subj_id,sd__cat,44.586769232695886,NA,NA,NA,NA
ran_pars,subj_id,cor__(Intercept).cat,0.3908968497831922,NA,NA,NA,NA
ran_pars,item_id,sd__(Intercept),82.74873808189756,NA,NA,NA,NA
ran_pars,Residual,sd__Observation,201.3923632654964,NA,NA,NA,NA
fixed,NA,(Intercept),803.0536973383631,17.01099420342073,47.20792257849794,108.86513950028503,2.4912890778236942e-74
fixed,NA,cat,38.16201066694113,26.672213574444612,1.4307777852943262,51.03851465682689,0.15858837348985594
ran_pars,subj_id,sd__(Intercept),106.66221767474333,NA,NA,NA,NA
ran_pars,subj_id,sd__cat,29.974037061668074,NA,NA,NA,NA
ran_pars,subj_id,cor__(Intercept).cat,0.23948758342185641,NA,NA,NA,NA
ran_pars,item_id,sd__(Intercept),91.59764292177168,NA,NA,NA,NA
ran_pars,Residual,sd__Observation,197.52307737774467,NA,NA,NA,NA
fixed,NA,(Intercept),844.0474922116739,15.382550904376187,54.87045012615889,109.49130537456593,1.755117153671874e-81
fixed,NA,cat,47.553762660369536,24.044036516833916,1.9777778422136312,51.70066665919216,0.05329550282996453
ran_pars,subj_id,sd__(Intercept),97.44677824133791,NA,NA,NA,NA
ran_pars,subj_id,sd__cat,33.8514199178358,NA,NA,NA,NA
ran_pars,subj_id,cor__(Intercept).cat,0.2699711764720016,NA,NA,NA,NA
ran_pars,item_id,sd__(Intercept),81.63580939301362,NA,NA,NA,NA
ran_pars,Residual,sd__Observation,204.64626706246602,NA,NA,NA,NA
fixed,NA,(Intercept),776.9809001752328,13.454232172412839,57.74992509556876,136.33463234070896,1.0143443456882731e-97
fixed,NA,cat,107.11016521058578,15.786271811522326,6.785019698723708,54.3411056868961,8.949237596757464e-9
ran_pars,subj_id,sd__(Intercept),110.50388052065328,NA,NA,NA,NA
ran_pars,subj_id,sd__cat,36.85814525371277,NA,NA,NA,NA
ran_pars,subj_id,cor__(Intercept).cat,0.34511313319261544,NA,NA,NA,NA
ran_pars,item_id,sd__(Intercept),50.42711749971221,NA,NA,NA,NA
ran_pars,Residual,sd__Observation,200.59167058187813,NA,NA,NA,NA
fixed,NA,(Intercept),800.8660307240073,14.287008230095138,56.05554485767062,109.61623078743912,1.5733895455307856e-82
fixed,NA,cat,73.99489051904267,22.43116285213454,3.2987541041369304,53.036845855869515,0.0017389372749367746
ran_pars,subj_id,sd__(Intercept),90.83458116383271,NA,NA,NA,NA
ran_pars,subj_id,sd__cat,40.88947986966086,NA,NA,NA,NA
ran_pars,subj_id,cor__(Intercept).cat,0.47762250949795093,NA,NA,NA,NA
ran_pars,item_id,sd__(Intercept),75.37589246710921,NA,NA,NA,NA
ran_pars,Residual,sd__Observation,199.73594456724965,NA,NA,NA,NA
fixed,NA,(Intercept),806.0815016915293,16.017158193381203,50.32612476941307,120.87822693169463,6.187918012726002e-83
fixed,NA,cat,44.42928716639134,23.684125423445824,1.8759099764945968,51.452387277356934,0.06634605868064711
ran_pars,subj_id,sd__(Intercept),109.00540316317705,NA,NA,NA,NA
ran_pars,subj_id,sd__cat,31.666208262054607,NA,NA,NA,NA
ran_pars,subj_id,cor__(Intercept).cat,0.28689094050458097,NA,NA,NA,NA
ran_pars,item_id,sd__(Intercept),80.49558654770745,NA,NA,NA,NA
ran_pars,Residual,sd__Observation,201.70260696034572,NA,NA,NA,NA
fixed,NA,(Intercept),819.6771703703306,14.845641285064742,55.21332185191325,113.90109353837208,4.709468847537778e-84
fixed,NA,cat,34.77337012638992,22.918662064902495,1.5172513137074286,53.63114166022973,0.1350761709034681
ran_pars,subj_id,sd__(Intercept),97.05980519257747,NA,NA,NA,NA
ran_pars,subj_id,sd__cat,45.29574102140163,NA,NA,NA,NA
ran_pars,subj_id,cor__(Intercept).cat,0.13056597522122637,NA,NA,NA,NA
ran_pars,item_id,sd__(Intercept),76.76878226210225,NA,NA,NA,NA
ran_pars,Residual,sd__Observation,203.9373522004771,NA,NA,NA,NA
fixed,NA,(Intercept),822.5969692420989,16.052691995182833,51.24355276292273,104.58589225696187,6.494689842700016e-76
fixed,NA,cat,61.2449577776303,25.78231728228898,2.3754636601149186,52.45499953865322,0.021214815698705477
ran_pars,subj_id,sd__(Intercept),97.9385096518002,NA,NA,NA,NA
ran_pars,subj_id,sd__cat,42.01222463540081,NA,NA,NA,NA
ran_pars,subj_id,cor__(Intercept).cat,0.11190933012898598,NA,NA,NA,NA
ran_pars,item_id,sd__(Intercept),87.68917512202628,NA,NA,NA,NA
ran_pars,Residual,sd__Observation,199.7695533917177,NA,NA,NA,NA
fixed,NA,(Intercept),804.92287148741,17.70749090863549,45.45663050968276,133.82150344603693,3.1120313446356676e-83
fixed,NA,cat,62.61869607328175,24.296907027913424,2.577229109916849,52.435491282718445,0.012810225424588453
ran_pars,subj_id,sd__(Intercept),130.43576546339122,NA,NA,NA,NA
ran_pars,subj_id,sd__cat,40.814593574271306,NA,NA,NA,NA
ran_pars,subj_id,cor__(Intercept).cat,0.1637561347603236,NA,NA,NA,NA
ran_pars,item_id,sd__(Intercept),82.26417451072734,NA,NA,NA,NA
ran_pars,Residual,sd__Observation,200.90367095373944,NA,NA,NA,NA
fixed,NA,(Intercept),811.3602776434061,16.93680504543632,47.90515539777261,103.05207414041116,3.011090024743255e-72
fixed,NA,cat,91.82055876889872,27.48044308652353,3.341305614316231,52.96926007221773,0.0015342183790361308
ran_pars,subj_id,sd__(Intercept),101.95560589653073,NA,NA,NA,NA
ran_pars,subj_id,sd__cat,48.52949061372204,NA,NA,NA,NA
ran_pars,subj_id,cor__(Intercept).cat,0.2770557197599865,NA,NA,NA,NA
ran_pars,item_id,sd__(Intercept),93.5479919968871,NA,NA,NA,NA
ran_pars,Residual,sd__Observation,198.511627831457,NA,NA,NA,NA
fixed,NA,(Intercept),805.4816630766327,14.883827226936953,54.117912738120275,117.18506299319267,9.44963901634082e-85
fixed,NA,cat,6.931316130296066,22.60761227618922,0.30659213567618837,53.46819474881696,0.7603446316987585
ran_pars,subj_id,sd__(Intercept),99.27761285943994,NA,NA,NA,NA
ran_pars,subj_id,sd__cat,43.85505415344519,NA,NA,NA,NA
ran_pars,subj_id,cor__(Intercept).cat,0.19003948016036024,NA,NA,NA,NA
ran_pars,item_id,sd__(Intercept),75.84010132396709,NA,NA,NA,NA
ran_pars,Residual,sd__Observation,199.16638011991688,NA,NA,NA,NA
fixed,NA,(Intercept),799.512538739666,15.49280452802449,51.60541058227712,104.32254451402765,4.343912279715397e-76
fixed,NA,cat,44.71443178670384,24.882253314103,1.7970410968109616,52.37351937204988,0.07809614689220216
ran_pars,subj_id,sd__(Intercept),94.4700199126206,NA,NA,NA,NA
ran_pars,subj_id,sd__cat,40.00243480647951,NA,NA,NA,NA
ran_pars,subj_id,cor__(Intercept).cat,0.14947093564239342,NA,NA,NA,NA
ran_pars,item_id,sd__(Intercept),84.50499999592526,NA,NA,NA,NA
ran_pars,Residual,sd__Observation,199.48991245737042,NA,NA,NA,NA
fixed,NA,(Intercept),807.5630145223442,15.73624242762287,51.318668877696965,93.80960133085554,1.8911887294229947e-70
fixed,NA,cat,18.482405101963916,26.371589132727404,0.7008453305162057,52.126856049191,0.48651637974352957
ran_pars,subj_id,sd__(Intercept),88.17099450896853,NA,NA,NA,NA
ran_pars,subj_id,sd__cat,39.88531224620419,NA,NA,NA,NA
ran_pars,subj_id,cor__(Intercept).cat,0.14444316166690796,NA,NA,NA,NA
ran_pars,item_id,sd__(Intercept),89.96500818428916,NA,NA,NA,NA
ran_pars,Residual,sd__Observation,200.1752864607202,NA,NA,NA,NA
fixed,NA,(Intercept),797.8396446591938,14.585342568870084,54.70146764753033,115.83172007310536,1.3640534561322623e-84
fixed,NA,cat,54.98177732015153,22.32477788144296,2.4628140809344434,53.739140231144994,0.017021387992261397
ran_pars,subj_id,sd__(Intercept),96.51133754596289,NA,NA,NA,NA
ran_pars,subj_id,sd__cat,44.77093593722283,NA,NA,NA,NA
ran_pars,subj_id,cor__(Intercept).cat,0.07244602710452418,NA,NA,NA,NA
ran_pars,item_id,sd__(Intercept),74.75696044186073,NA,NA,NA,NA
ran_pars,Residual,sd__Observation,197.68374252912338,NA,NA,NA,NA
fixed,NA,(Intercept),797.3657329799115,16.11081880051883,49.49256414914388,96.00410868197406,3.868739619118578e-70
fixed,NA,cat,47.00887273931975,26.79253603328599,1.7545510690334718,52.278741389103004,0.08519575604992899
ran_pars,subj_id,sd__(Intercept),91.91234609559113,NA,NA,NA,NA
ran_pars,subj_id,sd__cat,41.85837072071189,NA,NA,NA,NA
ran_pars,subj_id,cor__(Intercept).cat,-0.05212418386359784,NA,NA,NA,NA
ran_pars,item_id,sd__(Intercept),91.42382303445636,NA,NA,NA,NA
ran_pars,Residual,sd__Observation,198.91430831494577,NA,NA,NA,NA
fixed,NA,(Intercept),807.3720732505383,15.728548205194663,51.33163358229641,115.714343792345,1.83745507933431e-81
fixed,NA,cat,49.67963105627728,23.868011461573133,2.0814315066112723,51.412946351810284,0.042391883721682413
ran_pars,subj_id,sd__(Intercept),103.67926158533075,NA,NA,NA,NA
ran_pars,subj_id,sd__cat,31.7940684282282,NA,NA,NA,NA
ran_pars,subj_id,cor__(Intercept).cat,0.20038229979771047,NA,NA,NA,NA
ran_pars,item_id,sd__(Intercept),81.2302934204644,NA,NA,NA,NA
ran_pars,Residual,sd__Observation,199.07441361050763,NA,NA,NA,NA
fixed,NA,(Intercept),787.8204671386866,15.981496111549182,49.29578943296557,118.24535578699037,1.0875761266831926e-80
fixed,NA,cat,57.625895527925564,23.97460613477131,2.4036221994215983,51.42241832306076,0.019875761611404037
ran_pars,subj_id,sd__(Intercept),106.86198532153234,NA,NA,NA,NA
ran_pars,subj_id,sd__cat,31.50908398836509,NA,NA,NA,NA
ran_pars,subj_id,cor__(Intercept).cat,-0.25881703818019947,NA,NA,NA,NA
ran_pars,item_id,sd__(Intercept),81.63714457406248,NA,NA,NA,NA
ran_pars,Residual,sd__Observation,199.00893712029924,NA,NA,NA,NA
fixed,NA,(Intercept),796.3257043061221,16.69517258989895,47.69796179213635,119.18255005621336,1.6930137190588015e-79
fixed,NA,cat,54.21831968486392,25.219895751158223,2.149823306956927,53.620323890411136,0.036098399762615335
ran_pars,subj_id,sd__(Intercept),112.18026288320654,NA,NA,NA,NA
ran_pars,subj_id,sd__cat,49.50196530952697,NA,NA,NA,NA
ran_pars,subj_id,cor__(Intercept).cat,-0.23823078055027289,NA,NA,NA,NA
ran_pars,item_id,sd__(Intercept),85.04792517258542,NA,NA,NA,NA
ran_pars,Residual,sd__Observation,202.75209589309318,NA,NA,NA,NA
fixed,NA,(Intercept),790.7638428434556,15.508004203785383,50.990690513898386,117.06448267222046,8.704017030299076e-82
fixed,NA,cat,22.244083528273688,23.258204728032997,0.9563972709150249,50.613991870320135,0.34341758499705544
ran_pars,subj_id,sd__(Intercept),103.21546116217277,NA,NA,NA,NA
ran_pars,subj_id,sd__cat,22.55785129283197,NA,NA,NA,NA
ran_pars,subj_id,cor__(Intercept).cat,0.38183419350340425,NA,NA,NA,NA
ran_pars,item_id,sd__(Intercept),79.29023980063923,NA,NA,NA,NA
ran_pars,Residual,sd__Observation,202.7934614644436,NA,NA,NA,NA
fixed,NA,(Intercept),801.6554794748139,15.561539112780828,51.51517942183542,125.169413669528,3.9709223048340996e-86
fixed,NA,cat,52.954091983054866,22.56828777663565,2.346393865017834,52.716218988737886,0.022748351426954846
ran_pars,subj_id,sd__(Intercept),108.97520967854157,NA,NA,NA,NA
ran_pars,subj_id,sd__cat,39.63012479638616,NA,NA,NA,NA
ran_pars,subj_id,cor__(Intercept).cat,0.24472107341725774,NA,NA,NA,NA
ran_pars,item_id,sd__(Intercept),76.00351718450614,NA,NA,NA,NA
ran_pars,Residual,sd__Observation,198.42938070649052,NA,NA,NA,NA
fixed,NA,(Intercept),778.3437829966608,14.659037825546719,53.096512353642964,121.93858396794326,3.839553989362054e-86
fixed,NA,cat,76.81758715917537,21.627178505851372,3.5519005467306743,53.029668231476904,8.121369034406024e-4
ran_pars,subj_id,sd__(Intercept),100.96090869511853,NA,NA,NA,NA
ran_pars,subj_id,sd__cat,39.88670658572313,NA,NA,NA,NA
ran_pars,subj_id,cor__(Intercept).cat,0.28588200299181965,NA,NA,NA,NA
ran_pars,item_id,sd__(Intercept),72.46590198244058,NA,NA,NA,NA
ran_pars,Residual,sd__Observation,199.12559005281057,NA,NA,NA,NA
fixed,NA,(Intercept),806.5535786981824,14.330024028910223,56.2841748953801,128.4780906028926,2.1327240843222492e-92
fixed,NA,cat,14.643420971730098,20.508781574853924,0.7140073591541187,56.474283473224496,0.4781633603633284
ran_pars,subj_id,sd__(Intercept),103.58801872184097,NA,NA,NA,NA
ran_pars,subj_id,sd__cat,53.320607570800576,NA,NA,NA,NA
ran_pars,subj_id,cor__(Intercept).cat,0.08252980773407433,NA,NA,NA,NA
ran_pars,item_id,sd__(Intercept),67.02941745096014,NA,NA,NA,NA
ran_pars,Residual,sd__Observation,202.31110159453092,NA,NA,NA,NA
fixed,NA,(Intercept),832.6439382151185,16.83274481653052,49.46572572034861,124.15297812011717,1.4550840084653206e-83
fixed,NA,cat,98.783084656623,24.423903109218895,4.044524915402934,50.74645615003061,1.78641992980896e-4
ran_pars,subj_id,sd__(Intercept),116.54226827728331,NA,NA,NA,NA
ran_pars,subj_id,sd__cat,25.38870351831743,NA,NA,NA,NA
ran_pars,subj_id,cor__(Intercept).cat,0.3975734026881123,NA,NA,NA,NA
ran_pars,item_id,sd__(Intercept),83.54785351745697,NA,NA,NA,NA
ran_pars,Residual,sd__Observation,198.93992257450498,NA,NA,NA,NA
fixed,NA,(Intercept),778.043256577399,15.67666186288844,49.63067159209899,126.56644807794538,7.942466651890488e-85
fixed,NA,cat,24.719287060108165,22.44653359877518,1.1012518681930024,51.93844274018975,0.2758645410850671
ran_pars,subj_id,sd__(Intercept),110.78065520405262,NA,NA,NA,NA
ran_pars,subj_id,sd__cat,34.22003016542344,NA,NA,NA,NA
ran_pars,subj_id,cor__(Intercept).cat,0.3249646563690141,NA,NA,NA,NA
ran_pars,item_id,sd__(Intercept),75.84497400214738,NA,NA,NA,NA
ran_pars,Residual,sd__Observation,199.81228517321586,NA,NA,NA,NA
fixed,NA,(Intercept),812.2284270433044,15.77833253057208,51.4774565353805,98.904992261082,3.1994547892147155e-73
fixed,NA,cat,53.14756969502756,25.838212855502775,2.0569367545754504,51.61869584764741,0.04476212155982018
ran_pars,subj_id,sd__(Intercept),92.26839475176065,NA,NA,NA,NA
ran_pars,subj_id,sd__cat,35.11182220799766,NA,NA,NA,NA
ran_pars,subj_id,cor__(Intercept).cat,0.10337270020612013,NA,NA,NA,NA
ran_pars,item_id,sd__(Intercept),88.31535034779176,NA,NA,NA,NA
ran_pars,Residual,sd__Observation,197.85333714162965,NA,NA,NA,NA
fixed,NA,(Intercept),797.4448786051928,15.242353552920514,52.31769987728688,116.73414865254081,7.062892868089104e-83
fixed,NA,cat,42.154098024363286,23.18856098341128,1.8178833112809218,53.27601073586173,0.07470651671708266
ran_pars,subj_id,sd__(Intercept),101.34255282261778,NA,NA,NA,NA
ran_pars,subj_id,sd__cat,43.82295478027295,NA,NA,NA,NA
ran_pars,subj_id,cor__(Intercept).cat,0.003499760898451731,NA,NA,NA,NA
ran_pars,item_id,sd__(Intercept),77.90396742415342,NA,NA,NA,NA
ran_pars,Residual,sd__Observation,203.04739468529408,NA,NA,NA,NA
fixed,NA,(Intercept),776.6662891109561,16.82468528581034,46.162307105142915,108.32330603016906,4.47318532750795e-73
fixed,NA,cat,29.47647021245985,26.643112005635775,1.1063448671545855,52.72033426932006,0.27360015152719386
ran_pars,subj_id,sd__(Intercept),105.2570855041811,NA,NA,NA,NA
ran_pars,subj_id,sd__cat,45.53837879392369,NA,NA,NA,NA
ran_pars,subj_id,cor__(Intercept).cat,0.37177706005058364,NA,NA,NA,NA
ran_pars,item_id,sd__(Intercept),90.56881977394026,NA,NA,NA,NA
ran_pars,Residual,sd__Observation,202.79635318860315,NA,NA,NA,NA
fixed,NA,(Intercept),798.196679070656,13.910173864755313,57.38222159056362,107.49041884134922,1.849141308166828e-82
fixed,NA,cat,58.026266006076426,21.863624462666916,2.654009453243161,51.44170688246435,0.010557583220965823
ran_pars,subj_id,sd__(Intercept),87.22431764662937,NA,NA,NA,NA
ran_pars,subj_id,sd__cat,28.930244400022023,NA,NA,NA,NA
ran_pars,subj_id,cor__(Intercept).cat,-0.038437538923182135,NA,NA,NA,NA
ran_pars,item_id,sd__(Intercept),74.01273690854782,NA,NA,NA,NA
ran_pars,Residual,sd__Observation,198.17185174267976,NA,NA,NA,NA
fixed,NA,(Intercept),817.7213751220013,15.463936191610335,52.87925176292699,105.45696189442035,9.789416944992667e-78
fixed,NA,cat,47.78805993640366,24.745590940287865,1.9311747313579308,52.580517436190135,0.05886026067127407
ran_pars,subj_id,sd__(Intercept),95.0515770967583,NA,NA,NA,NA
ran_pars,subj_id,sd__cat,41.47658758216016,NA,NA,NA,NA
ran_pars,subj_id,cor__(Intercept).cat,0.1830148938590946,NA,NA,NA,NA
ran_pars,item_id,sd__(Intercept),83.97522461931948,NA,NA,NA,NA
ran_pars,Residual,sd__Observation,196.83155812858672,NA,NA,NA,NA
fixed,NA,(Intercept),784.8812049790747,13.876633199786253,56.56135704380833,122.85610011623632,7.92344941683223e-90
fixed,NA,cat,41.419404067483455,20.453256544820384,2.0250762501667525,54.79296167500963,0.04774283588543808
ran_pars,subj_id,sd__(Intercept),96.62861177031232,NA,NA,NA,NA
ran_pars,subj_id,sd__cat,46.44938314870658,NA,NA,NA,NA
ran_pars,subj_id,cor__(Intercept).cat,0.32800804480215184,NA,NA,NA,NA
ran_pars,item_id,sd__(Intercept),67.52884077101179,NA,NA,NA,NA
ran_pars,Residual,sd__Observation,199.83963717554718,NA,NA,NA,NA
fixed,NA,(Intercept),825.8664396746478,13.757272028021385,60.031264773458624,115.66702553855633,5.077762378168147e-89
fixed,NA,cat,2.7922896881825148,21.096032719994522,0.13236089103786902,54.501467644492514,0.8951863059403895
ran_pars,subj_id,sd__(Intercept),91.28759671454017,NA,NA,NA,NA
ran_pars,subj_id,sd__cat,46.183844001843404,NA,NA,NA,NA
ran_pars,subj_id,cor__(Intercept).cat,0.04073394372939892,NA,NA,NA,NA
ran_pars,item_id,sd__(Intercept),70.03942326078348,NA,NA,NA,NA
ran_pars,Residual,sd__Observation,197.7101957379264,NA,NA,NA,NA
fixed,NA,(Intercept),777.2284623452167,16.587088288154554,46.857438077318484,123.39052029811201,1.8452322489954532e-80
fixed,NA,cat,41.57509192468577,24.55586019673032,1.6930822863302346,54.0109960716818,0.09620083463088484
ran_pars,subj_id,sd__(Intercept),114.36048565041095,NA,NA,NA,NA
ran_pars,subj_id,sd__cat,50.59358221487137,NA,NA,NA,NA
ran_pars,subj_id,cor__(Intercept).cat,0.20013173158650596,NA,NA,NA,NA
ran_pars,item_id,sd__(Intercept),82.60448800680928,NA,NA,NA,NA
ran_pars,Residual,sd__Observation,198.4724454385355,NA,NA,NA,NA
fixed,NA,(Intercept),815.4376379724529,15.21541260837256,53.592870529435615,112.88730683251684,4.0034261057148655e-82
fixed,NA,cat,28.935256888012688,23.629431980308503,1.224543057663247,53.514231634682645,0.22611076420345916
ran_pars,subj_id,sd__(Intercept),98.57399998589139,NA,NA,NA,NA
ran_pars,subj_id,sd__cat,45.81295806726098,NA,NA,NA,NA
ran_pars,subj_id,cor__(Intercept).cat,0.1892015757656659,NA,NA,NA,NA
ran_pars,item_id,sd__(Intercept),79.46642706755227,NA,NA,NA,NA
ran_pars,Residual,sd__Observation,200.52662532936105,NA,NA,NA,NA
fixed,NA,(Intercept),796.442922667266,15.206828254114104,52.37403285933697,114.7059162205189,6.167490581254025e-82
fixed,NA,cat,69.36053637901396,23.295133433182553,2.9774689455186354,52.48258361779616,0.004390500048582407
ran_pars,subj_id,sd__(Intercept),99.67068056344087,NA,NA,NA,NA
ran_pars,subj_id,sd__cat,38.78469031503844,NA,NA,NA,NA
ran_pars,subj_id,cor__(Intercept).cat,0.5858180996187261,NA,NA,NA,NA
ran_pars,item_id,sd__(Intercept),78.72664247046566,NA,NA,NA,NA
ran_pars,Residual,sd__Observation,199.34260980643245,NA,NA,NA,NA
fixed,NA,(Intercept),791.0598347245101,15.0448769648791,52.58001355352839,107.84643728386267,1.065542741557643e-78
fixed,NA,cat,43.53757439022316,23.655046179522778,1.8405195263542495,51.373827185957175,0.0714711381897736
ran_pars,subj_id,sd__(Intercept),94.2147651601793,NA,NA,NA,NA
ran_pars,subj_id,sd__cat,30.37235119245299,NA,NA,NA,NA
ran_pars,subj_id,cor__(Intercept).cat,0.4813773973791687,NA,NA,NA,NA
ran_pars,item_id,sd__(Intercept),80.50697115716568,NA,NA,NA,NA
ran_pars,Residual,sd__Observation,199.4574522098285,NA,NA,NA,NA
fixed,NA,(Intercept),825.4954122712895,16.01043689255627,51.55983049126454,104.77624452296678,2.8035987495467036e-76
fixed,NA,cat,58.753824314812995,25.829269636573862,2.274699406584012,53.56308279163901,0.026953086120681508
ran_pars,subj_id,sd__(Intercept),97.85464382640899,NA,NA,NA,NA
ran_pars,subj_id,sd__cat,49.835795099936256,NA,NA,NA,NA
ran_pars,subj_id,cor__(Intercept).cat,0.390587962507975,NA,NA,NA,NA
ran_pars,item_id,sd__(Intercept),87.32022229623014,NA,NA,NA,NA
ran_pars,Residual,sd__Observation,201.02676276206597,NA,NA,NA,NA
fixed,NA,(Intercept),820.9729558421506,14.179361090347511,57.89915008237018,128.1992409160899,8.950730172865728e-94
fixed,NA,cat,40.93726974106736,20.255364833974667,2.0210581283829843,55.62209121129947,0.048097024354858325
ran_pars,subj_id,sd__(Intercept),102.29742613855461,NA,NA,NA,NA
ran_pars,subj_id,sd__cat,49.652005617597474,NA,NA,NA,NA
ran_pars,subj_id,cor__(Intercept).cat,-0.012002702274647102,NA,NA,NA,NA
ran_pars,item_id,sd__(Intercept),66.47410003488348,NA,NA,NA,NA
ran_pars,Residual,sd__Observation,200.38123010615368,NA,NA,NA,NA
fixed,NA,(Intercept),805.35519033606,15.847150425684,50.820189668345314,121.87420201346698,6.8435539777242655e-84
fixed,NA,cat,53.90178571775589,23.356738858880064,2.307761629028225,52.007095838522375,0.02502359295191884
ran_pars,subj_id,sd__(Intercept),108.59874979675432,NA,NA,NA,NA
ran_pars,subj_id,sd__cat,35.71565757720036,NA,NA,NA,NA
ran_pars,subj_id,cor__(Intercept).cat,0.2048865082806865,NA,NA,NA,NA
ran_pars,item_id,sd__(Intercept),79.0779017628439,NA,NA,NA,NA
ran_pars,Residual,sd__Observation,201.60606508493174,NA,NA,NA,NA
fixed,NA,(Intercept),806.6794467280437,15.90067352556961,50.73240736820587,117.03102072445921,1.594781622304414e-81
fixed,NA,cat,36.92467992473264,24.09455544497822,1.5324906080567868,52.321834408235965,0.13142616572768007
ran_pars,subj_id,sd__(Intercept),105.5889989762677,NA,NA,NA,NA
ran_pars,subj_id,sd__cat,38.96587740133541,NA,NA,NA,NA
ran_pars,subj_id,cor__(Intercept).cat,0.2241685661073673,NA,NA,NA,NA
ran_pars,item_id,sd__(Intercept),81.63863585976702,NA,NA,NA,NA
ran_pars,Residual,sd__Observation,200.54568329617055,NA,NA,NA,NA
fixed,NA,(Intercept),850.126516656164,13.66740591599476,62.2010147266698,103.2923500978335,1.1011878835937309e-83
fixed,NA,cat,61.245885873119896,21.876057619223754,2.799676566005184,51.62452492521306,0.007178461734340217
ran_pars,subj_id,sd__(Intercept),83.35096850317512,NA,NA,NA,NA
ran_pars,subj_id,sd__cat,30.438983370062683,NA,NA,NA,NA
ran_pars,subj_id,cor__(Intercept).cat,0.11245781336480838,NA,NA,NA,NA
ran_pars,item_id,sd__(Intercept),73.8137445293012,NA,NA,NA,NA
ran_pars,Residual,sd__Observation,204.38648854129386,NA,NA,NA,NA
fixed,NA,(Intercept),798.5788235462563,15.887931673314984,50.26323375292024,100.26705767675155,6.410727382637106e-73
fixed,NA,cat,78.98791650938483,25.83155932091288,3.0578067521242236,51.36391897018185,0.003535771348733577
ran_pars,subj_id,sd__(Intercept),93.93233424817332,NA,NA,NA,NA
ran_pars,subj_id,sd__cat,32.39645384672676,NA,NA,NA,NA
ran_pars,subj_id,cor__(Intercept).cat,0.40999712162066854,NA,NA,NA,NA
ran_pars,item_id,sd__(Intercept),88.3144885402683,NA,NA,NA,NA
ran_pars,Residual,sd__Observation,202.5408719271207,NA,NA,NA,NA
fixed,NA,(Intercept),811.3223964916215,16.401548176451616,49.466208175181336,120.77759395399247,5.0220471058015416e-82
fixed,NA,cat,67.61931485472874,24.362551954826078,2.775543177090434,51.976953487831,0.007641689307382363
ran_pars,subj_id,sd__(Intercept),111.36640180783535,NA,NA,NA,NA
ran_pars,subj_id,sd__cat,36.86438047572494,NA,NA,NA,NA
ran_pars,subj_id,cor__(Intercept).cat,0.4557804023989978,NA,NA,NA,NA
ran_pars,item_id,sd__(Intercept),82.7436465740603,NA,NA,NA,NA
ran_pars,Residual,sd__Observation,200.69637640940786,NA,NA,NA,NA
fixed,NA,(Intercept),815.7676388867691,15.711307741574352,51.92232577356575,108.0364055684106,3.1612180716791646e-78
fixed,NA,cat,-1.7683968611250476,24.907028658130884,-0.07099991273137093,53.0415052255865,0.9436648543321015
ran_pars,subj_id,sd__(Intercept),98.39540077959305,NA,NA,NA,NA
ran_pars,subj_id,sd__cat,44.99500923243885,NA,NA,NA,NA
ran_pars,subj_id,cor__(Intercept).cat,0.33353950014802647,NA,NA,NA,NA
ran_pars,item_id,sd__(Intercept),84.19725519543624,NA,NA,NA,NA
ran_pars,Residual,sd__Observation,203.04046832798022,NA,NA,NA,NA
fixed,NA,(Intercept),802.9164708048615,13.87142265740166,57.88277746525393,115.07953110764207,6.162865076415161e-87
fixed,NA,cat,79.93448218430251,21.051121322171117,3.7971603013904645,51.86241432904988,3.852026929106988e-4
ran_pars,subj_id,sd__(Intercept),91.71393074532261,NA,NA,NA,NA
ran_pars,subj_id,sd__cat,31.531010878293017,NA,NA,NA,NA
ran_pars,subj_id,cor__(Intercept).cat,0.011899905047287258,NA,NA,NA,NA
ran_pars,item_id,sd__(Intercept),70.80728185481075,NA,NA,NA,NA
ran_pars,Residual,sd__Observation,200.35583769066494,NA,NA,NA,NA
fixed,NA,(Intercept),798.6801467176556,14.23650151497768,56.100871824260665,128.64134417934002,2.6478692919492422e-92
fixed,NA,cat,8.911303681530512,19.90587638283399,0.44767200951851854,52.27400903136303,0.6562396812568723
ran_pars,subj_id,sd__(Intercept),103.15422057586073,NA,NA,NA,NA
ran_pars,subj_id,sd__cat,33.412186293882506,NA,NA,NA,NA
ran_pars,subj_id,cor__(Intercept).cat,0.26404156101618786,NA,NA,NA,NA
ran_pars,item_id,sd__(Intercept),66.34630382551548,NA,NA,NA,NA
ran_pars,Residual,sd__Observation,202.89655657090668,NA,NA,NA,NA
fixed,NA,(Intercept),828.9622366416327,15.516885910545913,53.423234624560585,128.14502856026215,1.9063175127266116e-89
fixed,NA,cat,54.400800217561176,22.302956878051226,2.439174344236753,55.03034349974035,0.017973305020725677
ran_pars,subj_id,sd__(Intercept),110.91842462518203,NA,NA,NA,NA
ran_pars,subj_id,sd__cat,51.42253291497776,NA,NA,NA,NA
ran_pars,subj_id,cor__(Intercept).cat,0.25280753159713576,NA,NA,NA,NA
ran_pars,item_id,sd__(Intercept),74.08704430397161,NA,NA,NA,NA
ran_pars,Residual,sd__Observation,199.5867790411721,NA,NA,NA,NA
fixed,NA,(Intercept),802.6171292063792,14.09451086998681,56.945369485328605,120.80027270141302,4.033968961005655e-89
fixed,NA,cat,52.86103220381499,20.972931504219478,2.5204407973763727,53.924569855109155,0.0147127652941607
ran_pars,subj_id,sd__(Intercept),96.65038780537182,NA,NA,NA,NA
ran_pars,subj_id,sd__cat,43.468158163370084,NA,NA,NA,NA
ran_pars,subj_id,cor__(Intercept).cat,-0.09614006931896361,NA,NA,NA,NA
ran_pars,item_id,sd__(Intercept),69.7519367861297,NA,NA,NA,NA
ran_pars,Residual,sd__Observation,199.19347788724147,NA,NA,NA,NA
fixed,NA,(Intercept),798.9072231444333,17.36738497727237,46.00043266098576,108.40346918839323,5.911971283228725e-73
fixed,NA,cat,23.56187092980515,27.42253708098335,0.859215573680254,52.0105020969229,0.3941645156926943
ran_pars,subj_id,sd__(Intercept),108.5251900200989,NA,NA,NA,NA
ran_pars,subj_id,sd__cat,40.74306188634427,NA,NA,NA,NA
ran_pars,subj_id,cor__(Intercept).cat,0.10740411750865117,NA,NA,NA,NA
ran_pars,item_id,sd__(Intercept),93.75419325250972,NA,NA,NA,NA
ran_pars,Residual,sd__Observation,200.64791565393446,NA,NA,NA,NA
fixed,NA,(Intercept),796.4963690613307,14.342684057565569,55.53328553181019,110.19223694633496,2.1167636475336459e-82
fixed,NA,cat,77.9064726564452,22.40845532316987,3.4766551970180446,52.607683706865174,0.0010265095291562241
ran_pars,subj_id,sd__(Intercept),91.57510013315644,NA,NA,NA,NA
ran_pars,subj_id,sd__cat,38.377707912021165,NA,NA,NA,NA
ran_pars,subj_id,cor__(Intercept).cat,0.30895273966806086,NA,NA,NA,NA
ran_pars,item_id,sd__(Intercept),75.4333796454783,NA,NA,NA,NA
ran_pars,Residual,sd__Observation,200.60783928347087,NA,NA,NA,NA
fixed,NA,(Intercept),797.5144244546431,15.8078808187937,50.450432515058736,106.1554263059026,5.2333477636448763e-76
fixed,NA,cat,21.992413356406505,25.373376151462214,0.8667515597895367,53.78173292676595,0.38992876219652606
ran_pars,subj_id,sd__(Intercept),97.60764674543387,NA,NA,NA,NA
ran_pars,subj_id,sd__cat,50.340780214537716,NA,NA,NA,NA
ran_pars,subj_id,cor__(Intercept).cat,0.06754020134742059,NA,NA,NA,NA
ran_pars,item_id,sd__(Intercept),85.61427045138616,NA,NA,NA,NA
ran_pars,Residual,sd__Observation,200.2561216403472,NA,NA,NA,NA
fixed,NA,(Intercept),787.3759604231718,14.456170074063644,54.46642896349376,120.80369435072092,7.115346908129378e-87
fixed,NA,cat,62.08307992128526,21.540930017855715,2.8820983991788345,53.81022855051688,0.005664769804268858
ran_pars,subj_id,sd__(Intercept),98.88593573089464,NA,NA,NA,NA
ran_pars,subj_id,sd__cat,43.84676112121685,NA,NA,NA,NA
ran_pars,subj_id,cor__(Intercept).cat,0.2950700710747011,NA,NA,NA,NA
ran_pars,item_id,sd__(Intercept),71.8859959397802,NA,NA,NA,NA
ran_pars,Residual,sd__Observation,198.04850556611058,NA,NA,NA,NA
fixed,NA,(Intercept),793.3346017511084,16.425418578522134,48.299201506406185,100.7317916717121,1.7724649378488833e-71
fixed,NA,cat,47.433231452293114,26.73017792163745,1.7745198550996937,51.70312988105529,0.08186491793081552
ran_pars,subj_id,sd__(Intercept),97.22054032040819,NA,NA,NA,NA
ran_pars,subj_id,sd__cat,36.6036175966073,NA,NA,NA,NA
ran_pars,subj_id,cor__(Intercept).cat,0.04650427573290916,NA,NA,NA,NA
ran_pars,item_id,sd__(Intercept),91.52107353099825,NA,NA,NA,NA
ran_pars,Residual,sd__Observation,196.89975714044158,NA,NA,NA,NA
fixed,NA,(Intercept),786.7993490921757,15.178395491695445,51.83679325806586,117.96558648440099,5.0506473256485636e-83
fixed,NA,cat,62.42856415816176,23.082636595699114,2.7045681674767517,54.65465574279382,0.009100150935318045
ran_pars,subj_id,sd__(Intercept),101.8367079391319,NA,NA,NA,NA
ran_pars,subj_id,sd__cat,51.090074138713184,NA,NA,NA,NA
ran_pars,subj_id,cor__(Intercept).cat,0.16741377876466373,NA,NA,NA,NA
ran_pars,item_id,sd__(Intercept),76.88734333261681,NA,NA,NA,NA
ran_pars,Residual,sd__Observation,205.46614768104104,NA,NA,NA,NA
fixed,NA,(Intercept),823.0625579719341,14.421690230512823,57.0711577364581,106.62131879722965,9.601726362231432e-82
fixed,NA,cat,52.9859968439029,22.883922770924464,2.315424561352965,52.332109196102586,0.02454272909335801
ran_pars,subj_id,sd__(Intercept),89.70362551899794,NA,NA,NA,NA
ran_pars,subj_id,sd__cat,36.882166715304344,NA,NA,NA,NA
ran_pars,subj_id,cor__(Intercept).cat,0.13697399179736847,NA,NA,NA,NA
ran_pars,item_id,sd__(Intercept),77.33587105397159,NA,NA,NA,NA
ran_pars,Residual,sd__Observation,198.7587200455639,NA,NA,NA,NA
fixed,NA,(Intercept),816.7046067398262,15.314716202852475,53.32809279140995,119.74503610096241,2.718771787527311e-85
fixed,NA,cat,89.25991556981964,22.814230965677144,3.912466552307052,52.11988779190689,2.660203939745694e-4
ran_pars,subj_id,sd__(Intercept),103.74504893306593,NA,NA,NA,NA
ran_pars,subj_id,sd__cat,35.84468187132843,NA,NA,NA,NA
ran_pars,subj_id,cor__(Intercept).cat,0.2993498522818589,NA,NA,NA,NA
ran_pars,item_id,sd__(Intercept),77.07481904086804,NA,NA,NA,NA
ran_pars,Residual,sd__Observation,201.2414717324204,NA,NA,NA,NA
fixed,NA,(Intercept),815.463391145689,14.801599179313895,55.09292484323904,119.1198974799621,1.3239721178572604e-86
fixed,NA,cat,64.63236069560823,21.878042797848707,2.9542112744181854,50.400723166166664,0.004754227172175829
ran_pars,subj_id,sd__(Intercept),100.18033552303807,NA,NA,NA,NA
ran_pars,subj_id,sd__cat,19.347838702504642,NA,NA,NA,NA
ran_pars,subj_id,cor__(Intercept).cat,0.4581007899525861,NA,NA,NA,NA
ran_pars,item_id,sd__(Intercept),74.3104506034542,NA,NA,NA,NA
ran_pars,Residual,sd__Observation,203.53722794871888,NA,NA,NA,NA
fixed,NA,(Intercept),807.4483254321068,16.59862965903719,48.64548110406743,101.6268659145973,3.2547846576007364e-72
fixed,NA,cat,29.12751133354796,26.933293006774743,1.0814686242124678,51.86918364095887,0.28449122232749346
ran_pars,subj_id,sd__(Intercept),98.94234515003242,NA,NA,NA,NA
ran_pars,subj_id,sd__cat,38.63644977056459,NA,NA,NA,NA
ran_pars,subj_id,cor__(Intercept).cat,0.49913535851624424,NA,NA,NA,NA
ran_pars,item_id,sd__(Intercept),92.10887612414491,NA,NA,NA,NA
ran_pars,Residual,sd__Observation,199.22008813055578,NA,NA,NA,NA
fixed,NA,(Intercept),781.9499932991183,15.432585000154875,50.668763093886795,130.56866489754546,9.835094681348125e-88
fixed,NA,cat,82.01317283813805,21.321604277467642,3.846482270792745,50.96887153967985,3.346180154234783e-4
ran_pars,subj_id,sd__(Intercept),112.31419674337806,NA,NA,NA,NA
ran_pars,subj_id,sd__cat,25.556293591307615,NA,NA,NA,NA
ran_pars,subj_id,cor__(Intercept).cat,0.16621596121583454,NA,NA,NA,NA
ran_pars,item_id,sd__(Intercept),72.10418959523206,NA,NA,NA,NA
ran_pars,Residual,sd__Observation,200.4944979572716,NA,NA,NA,NA
fixed,NA,(Intercept),792.0404548035115,14.776329523492162,53.60197561541147,126.35364962934909,9.161942924559246e-89
fixed,NA,cat,-0.914077635639849,21.156174111630033,-0.043206187981661565,52.68340115145552,0.965700515028111
ran_pars,subj_id,sd__(Intercept),104.85279285754265,NA,NA,NA,NA
ran_pars,subj_id,sd__cat,37.40103353568809,NA,NA,NA,NA
ran_pars,subj_id,cor__(Intercept).cat,0.5643628646964942,NA,NA,NA,NA
ran_pars,item_id,sd__(Intercept),70.81167055090779,NA,NA,NA,NA
ran_pars,Residual,sd__Observation,201.40728341293632,NA,NA,NA,NA
fixed,NA,(Intercept),807.6343358168193,13.692210365620275,58.984949416546044,120.26121892801265,1.28394595122048e-90
fixed,NA,cat,56.57041628953572,20.241491593818346,2.7947750800544786,52.67935182019959,0.007228634287916617
ran_pars,subj_id,sd__(Intercept),93.94764978809037,NA,NA,NA,NA
ran_pars,subj_id,sd__cat,35.857940801386995,NA,NA,NA,NA
ran_pars,subj_id,cor__(Intercept).cat,0.6502851979964281,NA,NA,NA,NA
ran_pars,item_id,sd__(Intercept),67.42700424278705,NA,NA,NA,NA
ran_pars,Residual,sd__Observation,203.55586046867415,NA,NA,NA,NA
